Seed_Word,Similar_Word
人工智能,人工智慧
人工智能,脑机接口
人工智能,机器人三定律
人工智能,虚拟世界
人工智能,认知
人工智能,纳什均衡
人工智能,电脑与电子游戏
人工智能,人机交互
人工智能,深度学习
人工智能,营销战略
计算机视觉,数字图像处理
计算机视觉,计算机模拟
计算机视觉,计算机辅助设计
计算机视觉,语义网
计算机视觉,科学可视化
计算机视觉,模式识别
计算机视觉,语音识别
计算机视觉,数据挖掘
计算机视觉,人机交互
计算机视觉,信息可视化
人机交互,用户体验
人机交互,计算机视觉
人机交互,语音识别
人机交互,文学编程
人机交互,普适计算
人机交互,桌面出版
人机交互,程序设计
人机交互,的应用
人机交互,决策支持系统
人机交互,分布式计算
深度学习,脑机接口
深度学习,工作流
深度学习,无线电接收机
深度学习,复杂系统
深度学习,图模型
深度学习,分布式网络
深度学习,之间的差异
深度学习,生物发光
深度学习,六西格玛
深度学习,卡诺图
机器翻译,自然语言处理
机器翻译,贝叶斯概率
机器翻译,分子力学
机器翻译,多维标度
机器翻译,模型论
机器翻译,蛋白质组
机器翻译,零阶逻辑
机器翻译,蛋白質生物合成
机器翻译,一阶逻辑
机器翻译,强化学习
机器学习,计算机视觉
机器学习,模式识别
机器学习,语义网
机器学习,信息论
机器学习,数据挖掘
机器学习,计算机模拟
机器学习,计算理论
机器学习,自然语言处理
机器学习,控制论
机器学习,排队论
神经网络,自然语言处理
神经网络,模式识别
神经网络,因子分析
神经网络,模糊逻辑
神经网络,编码理论
神经网络,人工神经网络
神经网络,贝叶斯网络
神经网络,本体语言
神经网络,概率模型
神经网络,多维标度
数据挖掘,计算机视觉
数据挖掘,地理信息系统
数据挖掘,化学信息学
数据挖掘,计算机模拟
数据挖掘,计算机辅助设计
数据挖掘,运筹学
数据挖掘,机器学习
数据挖掘,排队论
数据挖掘,决策支持系统
数据挖掘,语音处理
语音合成,软件应用
语音合成,邮件列表
语音合成,intranet
语音合成,桌面出版
语音合成,元数据注册系统
语音合成,语义网络
语音合成,google协作平台
语音合成,使用者經驗
语音合成,社会性软件
语音合成,非視覺桌面存取系統
语音识别,语音处理
语音识别,数据压缩
语音识别,应用服务器
语音识别,网络传输协议
语音识别,数据建模
语音识别,可维护性
语音识别,高可用性
语音识别,前向錯誤更正
语音识别,统一建模语言
语音识别,瘦客户端
增强现实,苹果的
增强现实,例如internet
增强现实,日的google
增强现实,离线模式
增强现实,数据存储
增强现实,主界面
增强现实,的浏览器
增强现实,支持平台
增强现实,苹果公司在
增强现实,可以让
虚拟现实,皮克斯的
虚拟现实,互联网之父
虚拟现实,的创意
虚拟现实,月开始开发
虚拟现实,他评论说
虚拟现实,时尚设计
虚拟现实,光学字符识别
虚拟现实,一种新科学
虚拟现实,创造者
虚拟现实,年论文
自动驾驶,信令
自动驾驶,卫星电话
自动驾驶,工业自动化
自动驾驶,参与其中
自动驾驶,卫星通信
自动驾驶,轨道车
自动驾驶,凭证
自动驾驶,天然气管道
自动驾驶,设计中
自动驾驶,为s
卷积神经网络,bilinear
卷积神经网络,凸凹纹理映射
卷积神经网络,辐射着色
卷积神经网络,symbolics
卷积神经网络,comsol
卷积神经网络,二次曲面
卷积神经网络,实体造型
卷积神经网络,convolutional
卷积神经网络,dataflow
卷积神经网络,cramér
特征提取,纹理映射
特征提取,统一建模语言
特征提取,独立成分分析
特征提取,关系模型
特征提取,假设检验
特征提取,降维
特征提取,主成分分析
特征提取,组合子逻辑
特征提取,数据建模
特征提取,logit模型
无人驾驶,贺岁片
无人驾驶,回马枪
无人驾驶,钟馗伏魔
无人驾驶,爱情呼叫转移
无人驾驶,举起手来
无人驾驶,疯狂的赛车
无人驾驶,命运呼叫转移
无人驾驶,太平轮
无人驾驶,九层妖塔
无人驾驶,国酒
智能家居,产品线
智能家居,個人數位助理
智能家居,日的google
智能家居,高速模式
智能家居,包括pc
智能家居,功能手机
智能家居,易信
智能家居,的iphone
智能家居,最新穩定版本
智能家居,苹果公司在
人脸识别,并行处理
人脸识别,路由选择
人脸识别,语音识别
人脸识别,计算机安全
人脸识别,本体语言
人脸识别,数据可视化
人脸识别,图像压缩
人脸识别,计算机集群
人脸识别,特征提取
人脸识别,可用性测试
商业智能,会话发起协议
商业智能,可用性测试
商业智能,sdlc
商业智能,业务流程管理
商业智能,数据仓库
商业智能,决策支持系统
商业智能,方法学
商业智能,知识库
商业智能,日成为w
商业智能,瘦客户端
强化学习,多维标度
强化学习,循证医学
强化学习,五个为什么
强化学习,系统分析
强化学习,蛋白质组
强化学习,贝叶斯概率
强化学习,反模式
强化学习,新兴技术
强化学习,语料库语言学
强化学习,次级代谢产物
支持向量机,人工神经网络
支持向量机,主成分分析
支持向量机,独立成分分析
支持向量机,模糊逻辑
支持向量机,聚类分析
支持向量机,二元关系
支持向量机,非线性规划
支持向量机,假设检验
支持向量机,奇异值分解
支持向量机,信源编码
自然语言处理,机器翻译
自然语言处理,模式识别
自然语言处理,神经网络
自然语言处理,分子力学
自然语言处理,信息检索
自然语言处理,计算机模拟
自然语言处理,最优化
自然语言处理,人工神经网络
自然语言处理,语义网
自然语言处理,本体语言
分布式计算,网格计算
分布式计算,数据库管理系统
分布式计算,桌面出版
分布式计算,应用服务器
分布式计算,高可用性
分布式计算,分布式文件系统
分布式计算,数据建模
分布式计算,apache软件基金会
分布式计算,电子邮件客户端比较
分布式计算,计算机安全
模式识别,自然语言处理
模式识别,人工神经网络
模式识别,最优化
模式识别,神经网络
模式识别,因子分析
模式识别,计算机视觉
模式识别,机器翻译
模式识别,语音识别
模式识别,分子力学
模式识别,编码理论
物联网,云计算
物联网,大数据
物联网,网络技术
物联网,供应链管理
物联网,cernet
物联网,网络安全
物联网,软件开发
物联网,网络营销
物联网,团购
物联网,计算机网络
云计算,软件开发
云计算,网络安全
云计算,物联网
云计算,产品与服务
云计算,团购
云计算,云安全
云计算,监控
云计算,视频会议
云计算,互联网服务提供商
云计算,联想集团
